"task_id","learner_id","mean_rmse","sd_rmse"
"California_Housing","cv_glmnet",81157.6860973395,10974.1892113353
"California_Housing","knn.tuned",88496.9091575017,9488.93291550017
"California_Housing","GRF",91628.1137389534,8849.07427461718
"California_Housing","featureless",123043.504724166,8090.88420286818
"Income","knn.tuned",1630.16084217848,289.553148314924
"Income","GRF",1775.69236559109,145.965050755117
"Income","cv_glmnet",1921.03859005786,468.663431334676
"Income","featureless",2928.9406281007,446.995700316613
